,iata,wiki_title,state_names,num_words_matched,max_state
PVT,DEL,Indira Gandhi International Airport - Wikipedia,"{'Hawaii': 2, 'New York': 3, 'Washington': 3}",0,True
Private,CQM ,Ciudad Real International Airport - Wikipedia,{'New York': 2},0,True
DEN,DEN,Denver International Airport - Wikipedia,"{'Alaska': 12, 'Arizona': 1, 'Arkansas': 4, 'California': 2, 'Colorado': 99, 'Florida': 10, 'Georgia': 1, 'Idaho': 3, 'Illinois': 3, 'Indiana': 15, 'Iowa': 9, 'Kansas': 15, 'Kentucky': 14, 'Minnesota': 1, 'Nebraska': 9, 'Nevada': 1, 'New Mexico': 1, 'New York': 10, 'Oklahoma': 4, 'Oregon': 2, 'Texas': 2, 'Virginia': 6, 'Washington': 43, 'Wyoming': 3}",0,True
Todd's Airport,EWR,Newark Liberty International Airport - Wikipedia,"{'Alaska': 17, 'Arkansas': 2, 'California': 3, 'Connecticut': 2, 'Delaware': 2, 'Florida': 11, 'Georgia': 1, 'Guam': 2, 'Illinois': 1, 'Indiana': 10, 'Kansas': 6, 'Kentucky': 10, 'Maine': 2, 'Maryland': 1, 'Massachusetts': 1, 'New Jersey': 170, 'New York': 88, 'North Carolina': 1, 'Oklahoma': 1, 'Pennsylvania': 8, 'Texas': 1, 'Washington': 38}",0,False
Farmers Field,ACK,Nantucket Memorial Airport - Wikipedia,"{'Massachusetts': 61, 'New Jersey': 1, 'New York': 18, 'North Carolina': 1, 'Washington': 15}",0,False
Kaiser's Strip,,Swan Island Municipal Airport - Wikipedia,"{'Idaho': 3, 'Illinois': 3, 'Oregon': 143, 'Utah': 3, 'Washington': 6}",0,True
Sun Private,LAS,McCarran International Airport - Wikipedia,"{'Alaska': 10, 'Arizona': 6, 'Arkansas': 2, 'California': 6, 'Colorado': 4, 'Georgia': 1, 'Hawaii': 8, 'Idaho': 3, 'Illinois': 1, 'Indiana': 12, 'Iowa': 3, 'Kansas': 6, 'Kentucky': 6, 'Minnesota': 1, 'Nebraska': 2, 'Nevada': 152, 'New Mexico': 1, 'New York': 9, 'Oklahoma': 2, 'Texas': 1, 'Utah': 1, 'Washington': 24}",0,False
Lake Goodwin,IAH,George Bush Intercontinental Airport - Wikipedia,"{'Alaska': 10, 'Arkansas': 3, 'California': 2, 'Colorado': 4, 'Florida': 9, 'Georgia': 1, 'Illinois': 1, 'Indiana': 6, 'Kansas': 9, 'Kentucky': 8, 'Louisiana': 5, 'Nevada': 1, 'New Jersey': 1, 'New York': 10, 'Oklahoma': 2, 'Texas': 103, 'Washington': 26}",0,False
Private field,LGA,LaGuardia Airport - Wikipedia,"{'Alaska': 5, 'Arkansas': 4, 'Colorado': 1, 'Florida': 15, 'Georgia': 1, 'Illinois': 1, 'Indiana': 6, 'Kansas': 6, 'Kentucky': 4, 'Massachusetts': 1, 'Michigan': 1, 'New Jersey': 36, 'New York': 164, 'North Carolina': 1, 'Oklahoma': 1, 'Texas': 4, 'Washington': 41}",0,False
Jensen Airfield,CVG,Cincinnati/Northern Kentucky International Airport - Wikipedia,"{'Alaska': 6, 'Arizona': 1, 'Colorado': 1, 'Florida': 8, 'Georgia': 1, 'Illinois': 3, 'Indiana': 2, 'Iowa': 2, 'Kansas': 6, 'Kentucky': 239, 'Minnesota': 1, 'Nevada': 1, 'New Jersey': 1, 'New York': 9, 'North Carolina': 1, 'Ohio': 18, 'Oregon': 2, 'Puerto Rico': 1, 'Tennessee': 3, 'Texas': 3, 'Washington': 17}",0,False
Jackson Lake,JAC,Jackson Hole Airport - Wikipedia,"{'Alaska': 12, 'California': 2, 'Colorado': 1, 'Georgia': 1, 'Illinois': 1, 'Massachusetts': 1, 'Minnesota': 1, 'New Jersey': 1, 'New York': 7, 'Texas': 3, 'Utah': 1, 'Washington': 2, 'Wyoming': 39}",1,False
Atmautulak,ATT,Atmautluak Airport - Wikipedia,{'Alaska': 37},0,True
Fresno - Yosemite Intl,FAT,Fresno Yosemite International Airport - Wikipedia,"{'Alaska': 20, 'Arizona': 1, 'California': 160, 'Colorado': 1, 'Georgia': 1, 'Nevada': 1, 'Oregon': 1, 'Texas': 1, 'Utah': 1, 'Washington': 1}",3,True
Unknown,LGB,Long Beach Airport - Wikipedia,"{'Alaska': 4, 'Arizona': 1, 'California': 130, 'Hawaii': 11, 'Nevada': 1, 'New York': 5, 'Texas': 3, 'Utah': 1, 'Washington': 1}",0,False
Beluga Lake,HOM,Homer Airport - Wikipedia,"{'Alaska': 33, 'Minnesota': 3}",0,True
R & D Farms,ATL,Hartsfield–Jackson Atlanta International Airport - Wikipedia,"{'Alabama': 2, 'Alaska': 9, 'Arkansas': 4, 'California': 1, 'Colorado': 7, 'Florida': 21, 'Georgia': 163, 'Idaho': 4, 'Illinois': 2, 'Indiana': 9, 'Iowa': 6, 'Kansas': 6, 'Kentucky': 6, 'Louisiana': 4, 'Maryland': 1, 'Massachusetts': 1, 'New York': 15, 'Oklahoma': 2, 'Texas': 3, 'Virginia': 1, 'Washington': 49}",0,False
TRADING BAY AIRPORT,SFO,San Francisco International Airport - Wikipedia,"{'Alaska': 34, 'Arkansas': 2, 'California': 111, 'Colorado': 1, 'Guam': 3, 'Hawaii': 17, 'Illinois': 1, 'Indiana': 3, 'Kansas': 6, 'Kentucky': 6, 'Massachusetts': 1, 'Nevada': 1, 'New Jersey': 1, 'New York': 13, 'Oklahoma': 1, 'Oregon': 4, 'Pennsylvania': 4, 'Washington': 33}",0,False
Port Alsworth,PTA,Port Alsworth Airport - Wikipedia,{'Alaska': 24},2,True
Off Airport,LHR,Heathrow Airport - Wikipedia,"{'Georgia': 1, 'New York': 8, 'Virginia': 3, 'Washington': 11}",0,False
Shaw Island Airport,BOS,Logan International Airport - Wikipedia,"{'Alaska': 12, 'California': 4, 'Connecticut': 13, 'Florida': 13, 'Georgia': 1, 'Hawaii': 5, 'Illinois': 1, 'Indiana': 12, 'Kansas': 3, 'Kentucky': 7, 'Maine': 7, 'Maryland': 1, 'Massachusetts': 187, 'New Hampshire': 8, 'New York': 18, 'North Carolina': 1, 'Pennsylvania': 1, 'Rhode Island': 5, 'Vermont': 12, 'Washington': 39}",0,False
Remote Landing Zone,SYD,Sydney Airport - Wikipedia,"{'Hawaii': 3, 'Kentucky': 2, 'New York': 2}",0,True
Umpqua Sky Park,RBG,Roseburg Regional Airport - Wikipedia,"{'Illinois': 3, 'Oregon': 76}",0,True
Farm field,CHA,Chattanooga Metropolitan Airport - Wikipedia,"{'California': 1, 'Florida': 2, 'Georgia': 3, 'Illinois': 1, 'Michigan': 1, 'New Jersey': 1, 'New York': 4, 'North Carolina': 1, 'Tennessee': 110, 'Texas': 1, 'Washington': 6}",0,False
Choctaw Field,TPA,Tampa International Airport - Wikipedia,"{'Alabama': 1, 'Alaska': 10, 'Colorado': 10, 'Florida': 142, 'Georgia': 10, 'Illinois': 10, 'Indiana': 14, 'Kansas': 8, 'Kentucky': 10, 'Maryland': 10, 'Massachusetts': 10, 'Michigan': 10, 'New Jersey': 3, 'New York': 17, 'North Carolina': 3, 'Pennsylvania': 10, 'Puerto Rico': 1, 'Texas': 10, 'Washington': 37}",0,True
Dry Bay,LAX,Los Angeles International Airport - Wikipedia,"{'Alabama': 1, 'Alaska': 35, 'Arizona': 3, 'Arkansas': 4, 'California': 170, 'Colorado': 4, 'Florida': 2, 'Georgia': 1, 'Hawaii': 9, 'Idaho': 3, 'Illinois': 1, 'Indiana': 15, 'Iowa': 3, 'Kansas': 9, 'Kentucky': 8, 'Maryland': 1, 'Nevada': 1, 'New Jersey': 1, 'New York': 10, 'North Carolina': 1, 'Ohio': 3, 'Oklahoma': 3, 'Pennsylvania': 2, 'Texas': 9, 'Utah': 1, 'Washington': 43}",0,False
NOT LISTED,SEA,Seattle–Tacoma International Airport - Wikipedia,"{'Alaska': 74, 'Arizona': 1, 'California': 3, 'Colorado': 1, 'Florida': 2, 'Hawaii': 7, 'Illinois': 2, 'Indiana': 9, 'Kansas': 6, 'Kentucky': 8, 'Mississippi': 1, 'Nevada': 1, 'New York': 10, 'Oklahoma': 1, 'Oregon': 12, 'Washington': 153}",0,False
Scott Field  (Private),JAN,Jackson–Medgar Wiley Evers International Airport - Wikipedia,"{'Colorado': 1, 'Florida': 2, 'Georgia': 1, 'Illinois': 1, 'Kentucky': 2, 'Louisiana': 4, 'Mississippi': 199, 'New York': 2, 'North Carolina': 1, 'Texas': 5, 'Washington': 13}",0,False
Donlin Creek Airstrip,UTO,Indian Mountain LRRS Airport - Wikipedia,{'Alaska': 58},0,True
PORT ALSWORTH,PTA,Port Alsworth Airport - Wikipedia,{'Alaska': 24},2,True
SHANNON'S AIRSTRIP,BOS,Logan International Airport - Wikipedia,"{'Alaska': 12, 'California': 4, 'Connecticut': 13, 'Florida': 13, 'Georgia': 1, 'Hawaii': 5, 'Illinois': 1, 'Indiana': 12, 'Kansas': 3, 'Kentucky': 7, 'Maine': 7, 'Maryland': 1, 'Massachusetts': 187, 'New Hampshire': 8, 'New York': 18, 'North Carolina': 1, 'Pennsylvania': 1, 'Rhode Island': 5, 'Vermont': 12, 'Washington': 39}",0,False
Air Jordan Airport,JFK,John F. Kennedy International Airport - Wikipedia,"{'Alabama': 1, 'Alaska': 16, 'Arizona': 3, 'California': 2, 'Florida': 7, 'Georgia': 1, 'Hawaii': 16, 'Indiana': 9, 'Kentucky': 8, 'Massachusetts': 11, 'Mississippi': 1, 'Nevada': 1, 'New Jersey': 56, 'New York': 264, 'Ohio': 1, 'Oregon': 2, 'Pennsylvania': 2, 'Puerto Rico': 1, 'Washington': 44, 'Wisconsin': 1}",0,False
THREE MILE LAKE,SLC,Salt Lake City International Airport - Wikipedia,"{'Alaska': 11, 'Arizona': 1, 'California': 3, 'Colorado': 4, 'Georgia': 1, 'Idaho': 12, 'Indiana': 6, 'Kansas': 12, 'Kentucky': 4, 'Nevada': 1, 'New York': 10, 'Oklahoma': 1, 'Oregon': 1, 'Texas': 1, 'Utah': 57, 'Washington': 21, 'Wyoming': 3}",1,False
MILLER CREEK,MKE,Milwaukee Mitchell International Airport - Wikipedia,"{'Alaska': 3, 'Arizona': 1, 'Colorado': 1, 'Florida': 7, 'Georgia': 1, 'Illinois': 9, 'Indiana': 3, 'Iowa': 2, 'Kansas': 3, 'Kentucky': 2, 'Michigan': 9, 'Minnesota': 1, 'Nevada': 1, 'New York': 4, 'North Carolina': 1, 'Oregon': 4, 'Texas': 1, 'Washington': 5, 'Wisconsin': 115}",0,False
Redder Airport,JFK,John F. Kennedy International Airport - Wikipedia,"{'Alabama': 1, 'Alaska': 16, 'Arizona': 3, 'California': 2, 'Florida': 7, 'Georgia': 1, 'Hawaii': 16, 'Indiana': 9, 'Kentucky': 8, 'Massachusetts': 11, 'Mississippi': 1, 'Nevada': 1, 'New Jersey': 56, 'New York': 264, 'Ohio': 1, 'Oregon': 2, 'Pennsylvania': 2, 'Puerto Rico': 1, 'Washington': 44, 'Wisconsin': 1}",0,False
PRIVATE AG STRIP,LAX,Los Angeles International Airport - Wikipedia,"{'Alabama': 1, 'Alaska': 35, 'Arizona': 3, 'Arkansas': 4, 'California': 170, 'Colorado': 4, 'Florida': 2, 'Georgia': 1, 'Hawaii': 9, 'Idaho': 3, 'Illinois': 1, 'Indiana': 15, 'Iowa': 3, 'Kansas': 9, 'Kentucky': 8, 'Maryland': 1, 'Nevada': 1, 'New Jersey': 1, 'New York': 10, 'North Carolina': 1, 'Ohio': 3, 'Oklahoma': 3, 'Pennsylvania': 2, 'Texas': 9, 'Utah': 1, 'Washington': 43}",0,False
PIERCE AGRICULTURAL FIELD,SEA,Seattle–Tacoma International Airport - Wikipedia,"{'Alaska': 74, 'Arizona': 1, 'California': 3, 'Colorado': 1, 'Florida': 2, 'Hawaii': 7, 'Illinois': 2, 'Indiana': 9, 'Kansas': 6, 'Kentucky': 8, 'Mississippi': 1, 'Nevada': 1, 'New York': 10, 'Oklahoma': 1, 'Oregon': 12, 'Washington': 153}",0,False
BRADLEY SKY RANCH,IAH,George Bush Intercontinental Airport - Wikipedia,"{'Alaska': 10, 'Arkansas': 3, 'California': 2, 'Colorado': 4, 'Florida': 9, 'Georgia': 1, 'Illinois': 1, 'Indiana': 6, 'Kansas': 9, 'Kentucky': 8, 'Louisiana': 5, 'Nevada': 1, 'New Jersey': 1, 'New York': 10, 'Oklahoma': 2, 'Texas': 103, 'Washington': 26}",0,False
JENSEN AIRFIELD,CVG,Cincinnati/Northern Kentucky International Airport - Wikipedia,"{'Alaska': 6, 'Arizona': 1, 'Colorado': 1, 'Florida': 8, 'Georgia': 1, 'Illinois': 3, 'Indiana': 2, 'Iowa': 2, 'Kansas': 6, 'Kentucky': 239, 'Minnesota': 1, 'Nevada': 1, 'New Jersey': 1, 'New York': 9, 'North Carolina': 1, 'Ohio': 18, 'Oregon': 2, 'Puerto Rico': 1, 'Tennessee': 3, 'Texas': 3, 'Washington': 17}",0,False
OPEN PASTURE AREA,SFO,San Francisco International Airport - Wikipedia,"{'Alaska': 34, 'Arkansas': 2, 'California': 111, 'Colorado': 1, 'Guam': 3, 'Hawaii': 17, 'Illinois': 1, 'Indiana': 3, 'Kansas': 6, 'Kentucky': 6, 'Massachusetts': 1, 'Nevada': 1, 'New Jersey': 1, 'New York': 13, 'Oklahoma': 1, 'Oregon': 4, 'Pennsylvania': 4, 'Washington': 33}",0,True
SWIFT PRIVATE AIRSTRIP,SJU,Luis Muñoz Marín International Airport - Wikipedia,"{'Florida': 43, 'Georgia': 10, 'Hawaii': 3, 'Kentucky': 4, 'Maryland': 10, 'Massachusetts': 10, 'New Jersey': 3, 'New York': 9, 'Pennsylvania': 10, 'Puerto Rico': 225, 'Virgin Islands': 5, 'Washington': 14}",0,False
THOMPSON STRIP,SNA,John Wayne Airport - Wikipedia,"{'Alaska': 25, 'Arizona': 9, 'California': 168, 'Colorado': 7, 'Illinois': 7, 'Nevada': 7, 'New York': 3, 'Texas': 8, 'Washington': 7}",0,True
STEPHENS AIRFIELD,GSO,Piedmont Triad International Airport - Wikipedia,"{'Alabama': 1, 'Florida': 1, 'Georgia': 1, 'Illinois': 1, 'Indiana': 6, 'Kentucky': 2, 'Michigan': 1, 'New Jersey': 1, 'New York': 9, 'North Carolina': 87, 'Pennsylvania': 1, 'Texas': 1, 'Virginia': 6, 'Washington': 20}",0,False
PILOTS PASTURE,SBA,Santa Barbara Municipal Airport - Wikipedia,"{'Alaska': 21, 'Arizona': 1, 'California': 52, 'Colorado': 1, 'New York': 1, 'Oregon': 1, 'Texas': 1, 'Utah': 1, 'Washington': 1, 'Wisconsin': 3}",0,False
EAGLE,EAA,Eagle Airport - Wikipedia,"{'Alaska': 41, 'Colorado': 1}",1,True
GARRISON FIELD,BNA,Nashville International Airport - Wikipedia,"{'Alabama': 2, 'Alaska': 7, 'Arkansas': 2, 'California': 1, 'Colorado': 1, 'Florida': 7, 'Georgia': 1, 'Illinois': 3, 'Indiana': 6, 'Iowa': 3, 'Kansas': 3, 'Kentucky': 2, 'Massachusetts': 1, 'Michigan': 1, 'New York': 10, 'North Carolina': 1, 'Oklahoma': 1, 'Tennessee': 150, 'Texas': 2, 'Washington': 12}",0,False
STUART WEST,LAX,Los Angeles International Airport - Wikipedia,"{'Alabama': 1, 'Alaska': 35, 'Arizona': 3, 'Arkansas': 4, 'California': 170, 'Colorado': 4, 'Florida': 2, 'Georgia': 1, 'Hawaii': 9, 'Idaho': 3, 'Illinois': 1, 'Indiana': 15, 'Iowa': 3, 'Kansas': 9, 'Kentucky': 8, 'Maryland': 1, 'Nevada': 1, 'New Jersey': 1, 'New York': 10, 'North Carolina': 1, 'Ohio': 3, 'Oklahoma': 3, 'Pennsylvania': 2, 'Texas': 9, 'Utah': 1, 'Washington': 43}",0,False
SHANNON'S POND,DLG,Dillingham Airport - Wikipedia,"{'Alaska': 135, 'Hawaii': 1}",0,True
FLAGSTAFF PULLIAM,FLG,Flagstaff Pulliam Airport - Wikipedia,"{'Alaska': 6, 'Arizona': 37, 'Colorado': 2, 'New Mexico': 4, 'Texas': 1, 'Utah': 1}",2,True
PRIVATE CROP DUSTER STRIP,FUL,Fullerton Municipal Airport - Wikipedia,"{'Arizona': 1, 'California': 62, 'Nevada': 1, 'Utah': 1}",0,True
DIRT ROAD (OFF AIRPORT),ATL,Hartsfield–Jackson Atlanta International Airport - Wikipedia,"{'Alabama': 2, 'Alaska': 9, 'Arkansas': 4, 'California': 1, 'Colorado': 7, 'Florida': 21, 'Georgia': 163, 'Idaho': 4, 'Illinois': 2, 'Indiana': 9, 'Iowa': 6, 'Kansas': 6, 'Kentucky': 6, 'Louisiana': 4, 'Maryland': 1, 'Massachusetts': 1, 'New York': 15, 'Oklahoma': 2, 'Texas': 3, 'Virginia': 1, 'Washington': 49}",0,False
CRANE ISLAND (PRIVATE),YTZ,Billy Bishop Toronto City Airport - Wikipedia,"{'New Jersey': 2, 'Washington': 3}",0,True
HALLER AIRPORT,LAX,Los Angeles International Airport - Wikipedia,"{'Alabama': 1, 'Alaska': 35, 'Arizona': 3, 'Arkansas': 4, 'California': 170, 'Colorado': 4, 'Florida': 2, 'Georgia': 1, 'Hawaii': 9, 'Idaho': 3, 'Illinois': 1, 'Indiana': 15, 'Iowa': 3, 'Kansas': 9, 'Kentucky': 8, 'Maryland': 1, 'Nevada': 1, 'New Jersey': 1, 'New York': 10, 'North Carolina': 1, 'Ohio': 3, 'Oklahoma': 3, 'Pennsylvania': 2, 'Texas': 9, 'Utah': 1, 'Washington': 43}",0,False
RINEAR (PRIVATE),SJU,Luis Muñoz Marín International Airport - Wikipedia,"{'Florida': 43, 'Georgia': 10, 'Hawaii': 3, 'Kentucky': 4, 'Maryland': 10, 'Massachusetts': 10, 'New Jersey': 3, 'New York': 9, 'Pennsylvania': 10, 'Puerto Rico': 225, 'Virgin Islands': 5, 'Washington': 14}",0,False
NORTHEAST PHILADELPHIA,PNE,Northeast Philadelphia Airport - Wikipedia,"{'Delaware': 5, 'Kentucky': 2, 'New Jersey': 1, 'Pennsylvania': 44, 'Washington': 1}",2,True
LAFAYETTE LANDINGS,LFT,Lafayette Regional Airport - Wikipedia,"{'Florida': 3, 'Georgia': 1, 'Louisiana': 48, 'New York': 1, 'Texas': 28, 'Washington': 1}",1,False
NORTH FORK AIRPORT,MSP,Minneapolis–Saint Paul International Airport - Wikipedia,"{'Alaska': 11, 'Arizona': 1, 'Arkansas': 2, 'California': 2, 'Colorado': 1, 'Florida': 11, 'Georgia': 1, 'Idaho': 4, 'Illinois': 1, 'Indiana': 9, 'Iowa': 9, 'Kansas': 9, 'Kentucky': 10, 'Minnesota': 142, 'Mississippi': 6, 'Nebraska': 3, 'Nevada': 1, 'New York': 5, 'North Dakota': 2, 'Oklahoma': 1, 'South Dakota': 2, 'Texas': 1, 'Washington': 42, 'Wisconsin': 5}",0,False
TAYLOR MOUNTAIN STRIP,PUW,Pullman–Moscow Regional Airport - Wikipedia,"{'Alaska': 11, 'Idaho': 22, 'Washington': 74}",0,False
QB ONE,AZA,Phoenix–Mesa Gateway Airport - Wikipedia,"{'Alaska': 2, 'Arizona': 107, 'Arkansas': 2, 'Hawaii': 1, 'Idaho': 3, 'Illinois': 6, 'Iowa': 5, 'Kansas': 3, 'Kentucky': 2, 'Michigan': 3, 'Missouri': 2, 'Nebraska': 2, 'Nevada': 3, 'North Dakota': 3, 'South Dakota': 3, 'Utah': 1, 'Washington': 4}",0,False
CLARK FIELD,LAS,McCarran International Airport - Wikipedia,"{'Alaska': 10, 'Arizona': 6, 'Arkansas': 2, 'California': 6, 'Colorado': 4, 'Georgia': 1, 'Hawaii': 8, 'Idaho': 3, 'Illinois': 1, 'Indiana': 12, 'Iowa': 3, 'Kansas': 6, 'Kentucky': 6, 'Minnesota': 1, 'Nebraska': 2, 'Nevada': 152, 'New Mexico': 1, 'New York': 9, 'Oklahoma': 2, 'Texas': 1, 'Utah': 1, 'Washington': 24}",0,False
SINCLAIR,NAN,Nadi International Airport - Wikipedia,"{'Alabama': 1, 'Washington': 2}",0,True
KOLIGANEK,KGK,Koliganek Airport - Wikipedia,{'Alaska': 19},1,True
LIBERTY FIELD,EWR,Newark Liberty International Airport - Wikipedia,"{'Alaska': 17, 'Arkansas': 2, 'California': 3, 'Connecticut': 2, 'Delaware': 2, 'Florida': 11, 'Georgia': 1, 'Guam': 2, 'Illinois': 1, 'Indiana': 10, 'Kansas': 6, 'Kentucky': 10, 'Maine': 2, 'Maryland': 1, 'Massachusetts': 1, 'New Jersey': 170, 'New York': 88, 'North Carolina': 1, 'Oklahoma': 1, 'Pennsylvania': 8, 'Texas': 1, 'Washington': 38}",1,False
THOMPSON AIRPORT,DTW,Detroit Metropolitan Airport - Wikipedia,"{'Alaska': 12, 'Arizona': 3, 'California': 1, 'Colorado': 1, 'Florida': 8, 'Georgia': 1, 'Illinois': 3, 'Indiana': 9, 'Iowa': 3, 'Kansas': 6, 'Kentucky': 6, 'Massachusetts': 1, 'Michigan': 142, 'Nevada': 1, 'New York': 11, 'Ohio': 5, 'Oklahoma': 1, 'Tennessee': 2, 'Texas': 1, 'Washington': 26, 'Wisconsin': 4}",0,True
STOYAHUK,KNW,New Stuyahok Airport - Wikipedia,{'Alaska': 19},0,True
LEMHI COUNTY,SMN,Lemhi County Airport - Wikipedia,{'Idaho': 48},2,True
B&G FARMS,YYZ,Toronto Pearson International Airport - Wikipedia,"{'Florida': 4, 'Indiana': 6, 'Kansas': 3, 'Kentucky': 4, 'Maryland': 1, 'Michigan': 6, 'New York': 12, 'Ohio': 3, 'Washington': 12}",0,False
PORTAGE CREEK,PCA,Portage Creek Airport - Wikipedia,{'Alaska': 30},2,True
FINCH [PRIVATE],YYZ,Toronto Pearson International Airport - Wikipedia,"{'Florida': 4, 'Indiana': 6, 'Kansas': 3, 'Kentucky': 4, 'Maryland': 1, 'Michigan': 6, 'New York': 12, 'Ohio': 3, 'Washington': 12}",0,False
JUNEAU INTL,ANC,Ted Stevens Anchorage International Airport - Wikipedia,"{'Alaska': 193, 'California': 2, 'Colorado': 6, 'Guam': 1, 'Hawaii': 1, 'Illinois': 6, 'Indiana': 3, 'Kentucky': 4, 'Minnesota': 9, 'New York': 13, 'Oregon': 9, 'Puerto Rico': 2, 'Washington': 20}",0,True
SARASOTA/BRADENTON,SRQ,Sarasota–Bradenton International Airport - Wikipedia,"{'Florida': 198, 'Georgia': 10, 'Illinois': 10, 'Indiana': 8, 'Kentucky': 17, 'Louisiana': 3, 'Maine': 3, 'Massachusetts': 10, 'New Jersey': 3, 'New York': 14, 'North Carolina': 3, 'Ohio': 20, 'Texas': 2, 'Virginia': 9, 'Washington': 29}",0,True
PRIVATE HELIPAD,TUS,Tucson International Airport - Wikipedia,"{'Alaska': 11, 'Arizona': 65, 'California': 6, 'Colorado': 1, 'Georgia': 1, 'Illinois': 1, 'Indiana': 8, 'Kentucky': 2, 'Nevada': 1, 'Texas': 3, 'Washington': 1}",0,False
MORNING STAR,DFW,Dallas/Fort Worth International Airport - Wikipedia,"{'Alaska': 8, 'Arizona': 1, 'Arkansas': 8, 'California': 1, 'Colorado': 7, 'Florida': 8, 'Georgia': 1, 'Illinois': 5, 'Indiana': 6, 'Iowa': 3, 'Kansas': 6, 'Kentucky': 16, 'Louisiana': 4, 'Nebraska': 2, 'Nevada': 1, 'New York': 12, 'Oklahoma': 4, 'Tennessee': 2, 'Texas': 227, 'Washington': 29}",0,False
SPIRIT LAKE,SLC,Salt Lake City International Airport - Wikipedia,"{'Alaska': 11, 'Arizona': 1, 'California': 3, 'Colorado': 4, 'Georgia': 1, 'Idaho': 12, 'Indiana': 6, 'Kansas': 12, 'Kentucky': 4, 'Nevada': 1, 'New York': 10, 'Oklahoma': 1, 'Oregon': 1, 'Texas': 1, 'Utah': 57, 'Washington': 21, 'Wyoming': 3}",1,False
SAN JOSE INTL,SFO,San Francisco International Airport - Wikipedia,"{'Alaska': 34, 'Arkansas': 2, 'California': 111, 'Colorado': 1, 'Guam': 3, 'Hawaii': 17, 'Illinois': 1, 'Indiana': 3, 'Kansas': 6, 'Kentucky': 6, 'Massachusetts': 1, 'Nevada': 1, 'New Jersey': 1, 'New York': 13, 'Oklahoma': 1, 'Oregon': 4, 'Pennsylvania': 4, 'Washington': 33}",1,True
UNKNOWN,LGB,Long Beach Airport - Wikipedia,"{'Alaska': 4, 'Arizona': 1, 'California': 130, 'Hawaii': 11, 'Nevada': 1, 'New York': 5, 'Texas': 3, 'Utah': 1, 'Washington': 1}",0,False
SAYER FARMS,BNA,Nashville International Airport - Wikipedia,"{'Alabama': 2, 'Alaska': 7, 'Arkansas': 2, 'California': 1, 'Colorado': 1, 'Florida': 7, 'Georgia': 1, 'Illinois': 3, 'Indiana': 6, 'Iowa': 3, 'Kansas': 3, 'Kentucky': 2, 'Massachusetts': 1, 'Michigan': 1, 'New York': 10, 'North Carolina': 1, 'Oklahoma': 1, 'Tennessee': 150, 'Texas': 2, 'Washington': 12}",0,False
PRIVATE,CQM ,Ciudad Real International Airport - Wikipedia,{'New York': 2},0,True
WILKE FIELD,ORD,O'Hare International Airport - Wikipedia,"{'Alaska': 13, 'Arizona': 1, 'Arkansas': 4, 'California': 5, 'Colorado': 7, 'Florida': 14, 'Georgia': 1, 'Illinois': 81, 'Indiana': 19, 'Iowa': 11, 'Kansas': 13, 'Kentucky': 12, 'Massachusetts': 1, 'Michigan': 2, 'Minnesota': 1, 'Mississippi': 3, 'Nebraska': 2, 'New York': 22, 'Oklahoma': 2, 'Texas': 1, 'Virginia': 2, 'Washington': 37, 'West Virginia': 1, 'Wisconsin': 6}",0,False
RAPID CITY REGIONAL,RAP,Rapid City Regional Airport - Wikipedia,"{'Arizona': 2, 'Colorado': 1, 'Illinois': 1, 'Minnesota': 1, 'Nevada': 1, 'New Jersey': 1, 'North Carolina': 1, 'South Dakota': 22, 'Texas': 1, 'Utah': 1}",3,True
NEAR KATMAI,AKN,King Salmon Airport - Wikipedia,{'Alaska': 41},0,True
MONTGOMERY FIELD,MYF,Montgomery-Gibbs Executive Airport - Wikipedia,"{'California': 32, 'Oklahoma': 5}",0,True
UNIVERSITY PARK,SCE,University Park Airport - Wikipedia,"{'Florida': 2, 'Illinois': 1, 'Michigan': 1, 'Pennsylvania': 86, 'Virginia': 1, 'Washington': 11, 'Wisconsin': 3}",2,True
BRADLEY LAKE,LAX,Los Angeles International Airport - Wikipedia,"{'Alabama': 1, 'Alaska': 35, 'Arizona': 3, 'Arkansas': 4, 'California': 170, 'Colorado': 4, 'Florida': 2, 'Georgia': 1, 'Hawaii': 9, 'Idaho': 3, 'Illinois': 1, 'Indiana': 15, 'Iowa': 3, 'Kansas': 9, 'Kentucky': 8, 'Maryland': 1, 'Nevada': 1, 'New Jersey': 1, 'New York': 10, 'North Carolina': 1, 'Ohio': 3, 'Oklahoma': 3, 'Pennsylvania': 2, 'Texas': 9, 'Utah': 1, 'Washington': 43}",0,False
HARTSFIELD INTL.,JFK,John F. Kennedy International Airport - Wikipedia,"{'Alabama': 1, 'Alaska': 16, 'Arizona': 3, 'California': 2, 'Florida': 7, 'Georgia': 1, 'Hawaii': 16, 'Indiana': 9, 'Kentucky': 8, 'Massachusetts': 11, 'Mississippi': 1, 'Nevada': 1, 'New Jersey': 56, 'New York': 264, 'Ohio': 1, 'Oregon': 2, 'Pennsylvania': 2, 'Puerto Rico': 1, 'Washington': 44, 'Wisconsin': 1}",0,False
BLAIR LAKES LANDING STRIP,MCO,Orlando International Airport - Wikipedia,"{'Alaska': 7, 'California': 2, 'Colorado': 3, 'Delaware': 4, 'Florida': 284, 'Georgia': 1, 'Illinois': 3, 'Indiana': 15, 'Kansas': 9, 'Kentucky': 8, 'Massachusetts': 1, 'Michigan': 1, 'New Jersey': 1, 'New Mexico': 1, 'New York': 13, 'North Carolina': 1, 'Oklahoma': 1, 'Pennsylvania': 1, 'Puerto Rico': 1, 'Texas': 1, 'Washington': 35}",0,False
CURLES NECK FARM,RIC,Richmond International Airport - Wikipedia,"{'Florida': 5, 'Georgia': 1, 'Illinois': 1, 'Indiana': 3, 'Kentucky': 4, 'Massachusetts': 1, 'New Jersey': 2, 'New York': 19, 'North Carolina': 1, 'Pennsylvania': 1, 'Texas': 1, 'Virginia': 91, 'Washington': 29}",0,True
SHULTZ (PRIVATE),IND,Indianapolis International Airport - Wikipedia,"{'Alaska': 4, 'Arizona': 1, 'California': 2, 'Colorado': 2, 'Delaware': 3, 'Florida': 16, 'Georgia': 2, 'Illinois': 1, 'Indiana': 366, 'Iowa': 2, 'Kansas': 6, 'Massachusetts': 1, 'Michigan': 4, 'Minnesota': 1, 'Nevada': 1, 'New Jersey': 1, 'New York': 7, 'North Carolina': 1, 'Ohio': 2, 'Tennessee': 1, 'Texas': 2, 'Washington': 14}",0,False
JONES FLYING SERVICE,MSY,Louis Armstrong New Orleans International Airport - Wikipedia,"{'Alabama': 3, 'Alaska': 11, 'California': 2, 'Colorado': 1, 'Florida': 6, 'Georgia': 6, 'Hawaii': 1, 'Indiana': 6, 'Kansas': 3, 'Kentucky': 6, 'Louisiana': 109, 'New York': 12, 'North Carolina': 1, 'Tennessee': 5, 'Texas': 10, 'Vermont': 3, 'Washington': 20}",0,False
HUNT AIRPORT,MDW,Midway International Airport - Wikipedia,"{'Arizona': 1, 'California': 1, 'Colorado': 1, 'Florida': 9, 'Georgia': 1, 'Illinois': 93, 'Indiana': 10, 'Kansas': 4, 'Kentucky': 2, 'Maryland': 2, 'Minnesota': 1, 'Mississippi': 3, 'Nevada': 1, 'New York': 3, 'Oklahoma': 1, 'Pennsylvania': 1, 'Texas': 2, 'Washington': 24, 'Wisconsin': 1}",0,False
DIRT ROAD,GCW,Grand Canyon West Airport - Wikipedia,{'Arizona': 39},0,True
SHAW ISLAND AIRPORT,BOS,Logan International Airport - Wikipedia,"{'Alaska': 12, 'California': 4, 'Connecticut': 13, 'Florida': 13, 'Georgia': 1, 'Hawaii': 5, 'Illinois': 1, 'Indiana': 12, 'Kansas': 3, 'Kentucky': 7, 'Maine': 7, 'Maryland': 1, 'Massachusetts': 187, 'New Hampshire': 8, 'New York': 18, 'North Carolina': 1, 'Pennsylvania': 1, 'Rhode Island': 5, 'Vermont': 12, 'Washington': 39}",0,False
LAFAYETTE,LFT,Lafayette Regional Airport - Wikipedia,"{'Florida': 3, 'Georgia': 1, 'Louisiana': 48, 'New York': 1, 'Texas': 28, 'Washington': 1}",1,False
STANDIFORD FIELD,SDF,Louisville International Airport - Wikipedia,"{'Colorado': 1, 'Florida': 4, 'Georgia': 3, 'Illinois': 2, 'Indiana': 8, 'Iowa': 2, 'Kansas': 3, 'Kentucky': 131, 'Maryland': 1, 'Michigan': 1, 'New York': 5, 'North Carolina': 1, 'Ohio': 7, 'Oklahoma': 1, 'Tennessee': 2, 'Texas': 2, 'Washington': 15}",0,True
COLLIER STRIP,MCO,Orlando International Airport - Wikipedia,"{'Alaska': 7, 'California': 2, 'Colorado': 3, 'Delaware': 4, 'Florida': 284, 'Georgia': 1, 'Illinois': 3, 'Indiana': 15, 'Kansas': 9, 'Kentucky': 8, 'Massachusetts': 1, 'Michigan': 1, 'New Jersey': 1, 'New Mexico': 1, 'New York': 13, 'North Carolina': 1, 'Oklahoma': 1, 'Pennsylvania': 1, 'Puerto Rico': 1, 'Texas': 1, 'Washington': 35}",0,False
PLOWED FIELD,LAX,Los Angeles International Airport - Wikipedia,"{'Alabama': 1, 'Alaska': 35, 'Arizona': 3, 'Arkansas': 4, 'California': 170, 'Colorado': 4, 'Florida': 2, 'Georgia': 1, 'Hawaii': 9, 'Idaho': 3, 'Illinois': 1, 'Indiana': 15, 'Iowa': 3, 'Kansas': 9, 'Kentucky': 8, 'Maryland': 1, 'Nevada': 1, 'New Jersey': 1, 'New York': 10, 'North Carolina': 1, 'Ohio': 3, 'Oklahoma': 3, 'Pennsylvania': 2, 'Texas': 9, 'Utah': 1, 'Washington': 43}",0,True
GREATER ROCHESTER INT'L,ROC,Greater Rochester International Airport - Wikipedia,"{'Florida': 9, 'Georgia': 1, 'Illinois': 1, 'Kentucky': 2, 'Maryland': 1, 'Massachusetts': 1, 'Michigan': 1, 'Minnesota': 1, 'New Jersey': 1, 'New York': 87, 'North Carolina': 1, 'Pennsylvania': 1, 'Washington': 22}",2,True
MARTIN STATE,MTN,Martin State Airport - Wikipedia,"{'Georgia': 2, 'Maryland': 73, 'Virginia': 3, 'Washington': 25}",2,True
BULLHEAD CITY,IFP,Laughlin/Bullhead International Airport - Wikipedia,"{'Arizona': 43, 'California': 5, 'Colorado': 5, 'Minnesota': 2, 'Nevada': 10, 'Texas': 1}",0,True
WAIMEA,MUE,Waimea-Kohala Airport - Wikipedia,{'Hawaii': 119},0,True
BOISE,BOI,Boise Airport - Wikipedia,"{'Alaska': 25, 'Arizona': 1, 'California': 2, 'Colorado': 1, 'Idaho': 93, 'Minnesota': 1, 'Montana': 7, 'Nevada': 2, 'New York': 2, 'Oklahoma': 2, 'Oregon': 10, 'Utah': 7, 'Washington': 10, 'Wisconsin': 5, 'Wyoming': 3}",1,True
SANTA MONICA,SMO,Santa Monica Airport - Wikipedia,"{'California': 76, 'New York': 1}",2,True
TONOPAH,TPH,Tonopah Airport - Wikipedia,{'Nevada': 42},1,True
INDIAN CREEK,AZA,Phoenix–Mesa Gateway Airport - Wikipedia,"{'Alaska': 2, 'Arizona': 107, 'Arkansas': 2, 'Hawaii': 1, 'Idaho': 3, 'Illinois': 6, 'Iowa': 5, 'Kansas': 3, 'Kentucky': 2, 'Michigan': 3, 'Missouri': 2, 'Nebraska': 2, 'Nevada': 3, 'North Dakota': 3, 'South Dakota': 3, 'Utah': 1, 'Washington': 4}",0,False
H MARKER LAKE,MKE,Milwaukee Mitchell International Airport - Wikipedia,"{'Alaska': 3, 'Arizona': 1, 'Colorado': 1, 'Florida': 7, 'Georgia': 1, 'Illinois': 9, 'Indiana': 3, 'Iowa': 2, 'Kansas': 3, 'Kentucky': 2, 'Michigan': 9, 'Minnesota': 1, 'Nevada': 1, 'New York': 4, 'North Carolina': 1, 'Oregon': 4, 'Texas': 1, 'Washington': 5, 'Wisconsin': 115}",0,False
BROTHERS WELCOME,JFK,John F. Kennedy International Airport - Wikipedia,"{'Alabama': 1, 'Alaska': 16, 'Arizona': 3, 'California': 2, 'Florida': 7, 'Georgia': 1, 'Hawaii': 16, 'Indiana': 9, 'Kentucky': 8, 'Massachusetts': 11, 'Mississippi': 1, 'Nevada': 1, 'New Jersey': 56, 'New York': 264, 'Ohio': 1, 'Oregon': 2, 'Pennsylvania': 2, 'Puerto Rico': 1, 'Washington': 44, 'Wisconsin': 1}",0,False
KENDALL-TAMIAMI,TMB,Miami Executive Airport - Wikipedia,"{'Florida': 77, 'Ohio': 6}",0,True
SCOTTSDALE,SCF,Scottsdale Airport - Wikipedia,"{'Arizona': 80, 'Nevada': 3, 'New Mexico': 2, 'Texas': 1, 'Washington': 1}",1,True
REID HILLVIEW,RHV,Reid–Hillview Airport - Wikipedia,{'California': 34},0,True
MAURY COUNTY,MRC,Maury County Airport - Wikipedia,{'Tennessee': 43},2,True
BERMUDA DUNES,UDD,Bermuda Dunes Airport - Wikipedia,{'California': 24},2,True
ANN ARBOR,ARB,Ann Arbor Municipal Airport - Wikipedia,"{'Michigan': 94, 'Washington': 1}",2,True
KENNEDY,JFK,John F. Kennedy International Airport - Wikipedia,"{'Alabama': 1, 'Alaska': 16, 'Arizona': 3, 'California': 2, 'Florida': 7, 'Georgia': 1, 'Hawaii': 16, 'Indiana': 9, 'Kentucky': 8, 'Massachusetts': 11, 'Mississippi': 1, 'Nevada': 1, 'New Jersey': 56, 'New York': 264, 'Ohio': 1, 'Oregon': 2, 'Pennsylvania': 2, 'Puerto Rico': 1, 'Washington': 44, 'Wisconsin': 1}",1,False
FIRE LAKE,SLC,Salt Lake City International Airport - Wikipedia,"{'Alaska': 11, 'Arizona': 1, 'California': 3, 'Colorado': 4, 'Georgia': 1, 'Idaho': 12, 'Indiana': 6, 'Kansas': 12, 'Kentucky': 4, 'Nevada': 1, 'New York': 10, 'Oklahoma': 1, 'Oregon': 1, 'Texas': 1, 'Utah': 57, 'Washington': 21, 'Wyoming': 3}",1,False
CLEVELAND-HOPKINS INTL,YYZ,Toronto Pearson International Airport - Wikipedia,"{'Florida': 4, 'Indiana': 6, 'Kansas': 3, 'Kentucky': 4, 'Maryland': 1, 'Michigan': 6, 'New York': 12, 'Ohio': 3, 'Washington': 12}",0,False
PENSACOLA REGIONAL,PNS,Pensacola International Airport - Wikipedia,"{'Florida': 123, 'Georgia': 12, 'Illinois': 10, 'Kansas': 8, 'North Carolina': 3, 'Pennsylvania': 10, 'Tennessee': 10, 'Texas': 30, 'Virginia': 10, 'Washington': 15}",1,True
FORT LAUDERDALE EXECUTIVE,FXE,Fort Lauderdale Executive Airport - Wikipedia,"{'Florida': 187, 'Virginia': 3}",3,True
TORRANCE MUNIC.,LAX,Los Angeles International Airport - Wikipedia,"{'Alabama': 1, 'Alaska': 35, 'Arizona': 3, 'Arkansas': 4, 'California': 170, 'Colorado': 4, 'Florida': 2, 'Georgia': 1, 'Hawaii': 9, 'Idaho': 3, 'Illinois': 1, 'Indiana': 15, 'Iowa': 3, 'Kansas': 9, 'Kentucky': 8, 'Maryland': 1, 'Nevada': 1, 'New Jersey': 1, 'New York': 10, 'North Carolina': 1, 'Ohio': 3, 'Oklahoma': 3, 'Pennsylvania': 2, 'Texas': 9, 'Utah': 1, 'Washington': 43}",0,True
PORT COLUMBUS,CMH,John Glenn Columbus International Airport - Wikipedia,"{'Alaska': 10, 'Colorado': 1, 'Florida': 9, 'Georgia': 1, 'Illinois': 2, 'Nevada': 1, 'New Mexico': 2, 'New York': 9, 'North Carolina': 1, 'Ohio': 84, 'Oklahoma': 3, 'Pennsylvania': 3, 'Texas': 1, 'Washington': 19}",1,True
HAYNARD AIR TERMINAL,HWD,Hayward Executive Airport - Wikipedia,"{'California': 104, 'Nevada': 3, 'Utah': 3}",0,True
PINAL AIRPARK,AVW,Marana Regional Airport - Wikipedia,"{'Arizona': 86, 'Nevada': 3, 'New Mexico': 2}",0,True
MONTAUK,MTP,Montauk Airport - Wikipedia,{'New York': 35},1,True
JONES PRIVATE,SJU,Luis Muñoz Marín International Airport - Wikipedia,"{'Florida': 43, 'Georgia': 10, 'Hawaii': 3, 'Kentucky': 4, 'Maryland': 10, 'Massachusetts': 10, 'New Jersey': 3, 'New York': 9, 'Pennsylvania': 10, 'Puerto Rico': 225, 'Virgin Islands': 5, 'Washington': 14}",0,False
TODDS,EWR,Newark Liberty International Airport - Wikipedia,"{'Alaska': 17, 'Arkansas': 2, 'California': 3, 'Connecticut': 2, 'Delaware': 2, 'Florida': 11, 'Georgia': 1, 'Guam': 2, 'Illinois': 1, 'Indiana': 10, 'Kansas': 6, 'Kentucky': 10, 'Maine': 2, 'Maryland': 1, 'Massachusetts': 1, 'New Jersey': 170, 'New York': 88, 'North Carolina': 1, 'Oklahoma': 1, 'Pennsylvania': 8, 'Texas': 1, 'Washington': 38}",0,False
PRICE FIELD,ATL,Hartsfield–Jackson Atlanta International Airport - Wikipedia,"{'Alabama': 2, 'Alaska': 9, 'Arkansas': 4, 'California': 1, 'Colorado': 7, 'Florida': 21, 'Georgia': 163, 'Idaho': 4, 'Illinois': 2, 'Indiana': 9, 'Iowa': 6, 'Kansas': 6, 'Kentucky': 6, 'Louisiana': 4, 'Maryland': 1, 'Massachusetts': 1, 'New York': 15, 'Oklahoma': 2, 'Texas': 3, 'Virginia': 1, 'Washington': 49}",0,False
BUSHNELL,MCO,Orlando International Airport - Wikipedia,"{'Alaska': 7, 'California': 2, 'Colorado': 3, 'Delaware': 4, 'Florida': 284, 'Georgia': 1, 'Illinois': 3, 'Indiana': 15, 'Kansas': 9, 'Kentucky': 8, 'Massachusetts': 1, 'Michigan': 1, 'New Jersey': 1, 'New Mexico': 1, 'New York': 13, 'North Carolina': 1, 'Oklahoma': 1, 'Pennsylvania': 1, 'Puerto Rico': 1, 'Texas': 1, 'Washington': 35}",0,True
MIAMI INTERNATIONAL,MIA,Miami International Airport - Wikipedia,"{'Arkansas': 2, 'California': 1, 'Florida': 230, 'Georgia': 1, 'Illinois': 1, 'Indiana': 9, 'Iowa': 3, 'Kansas': 6, 'Kentucky': 14, 'New Jersey': 3, 'New York': 22, 'North Carolina': 3, 'Oklahoma': 1, 'Oregon': 3, 'Pennsylvania': 1, 'Tennessee': 3, 'Texas': 4, 'Virginia': 6, 'Washington': 30}",2,True
GALENA BAY,FAI,Fairbanks International Airport - Wikipedia,"{'Alaska': 147, 'Colorado': 9, 'Illinois': 9, 'Minnesota': 9, 'New York': 3, 'Washington': 9}",0,True
COLLEGE PARK,CGS,College Park Airport - Wikipedia,"{'Maryland': 168, 'New York': 5, 'North Carolina': 1, 'Rhode Island': 2, 'Virginia': 3, 'Washington': 42}",2,True
CRANE ISLAND,YTZ,Billy Bishop Toronto City Airport - Wikipedia,"{'New Jersey': 2, 'Washington': 3}",0,True
BYRON,none,Byron Airport - Wikipedia,{'California': 47},1,True
NAS PENSACOLA,CEW,Bob Sikes Airport - Wikipedia,{'Florida': 63},0,True
TRI-STATE STEUBEN COUNTY,ANQ,Tri-State Steuben County Airport - Wikipedia,"{'Delaware': 3, 'Indiana': 98, 'Michigan': 3}",3,True
ELLIOT FIELD,CUB,Jim Hamilton–L.B. Owens Airport - Wikipedia,{'South Carolina': 31},0,True
MORRISON,PBI,Palm Beach International Airport - Wikipedia,"{'Florida': 203, 'Georgia': 1, 'Indiana': 8, 'Kentucky': 4, 'Maryland': 1, 'Massachusetts': 1, 'New Jersey': 1, 'New York': 15, 'North Carolina': 1, 'Oklahoma': 1, 'Pennsylvania': 1, 'Puerto Rico': 2, 'Texas': 1, 'Virginia': 3, 'Washington': 34}",0,False
GRAVEL BAR,BTI,Barter Island LRRS Airport - Wikipedia,{'Alaska': 75},0,True
SALMOM LAKE,AKN,King Salmon Airport - Wikipedia,{'Alaska': 41},0,True
FRENCH VALLEY,RBK,French Valley Airport - Wikipedia,"{'California': 56, 'Texas': 3}",2,True
PARADISE VALLEY,LAS,McCarran International Airport - Wikipedia,"{'Alaska': 10, 'Arizona': 6, 'Arkansas': 2, 'California': 6, 'Colorado': 4, 'Georgia': 1, 'Hawaii': 8, 'Idaho': 3, 'Illinois': 1, 'Indiana': 12, 'Iowa': 3, 'Kansas': 6, 'Kentucky': 6, 'Minnesota': 1, 'Nebraska': 2, 'Nevada': 152, 'New Mexico': 1, 'New York': 9, 'Oklahoma': 2, 'Texas': 1, 'Utah': 1, 'Washington': 24}",0,True
BOSTON INT'L,JFK,John F. Kennedy International Airport - Wikipedia,"{'Alabama': 1, 'Alaska': 16, 'Arizona': 3, 'California': 2, 'Florida': 7, 'Georgia': 1, 'Hawaii': 16, 'Indiana': 9, 'Kentucky': 8, 'Massachusetts': 11, 'Mississippi': 1, 'Nevada': 1, 'New Jersey': 56, 'New York': 264, 'Ohio': 1, 'Oregon': 2, 'Pennsylvania': 2, 'Puerto Rico': 1, 'Washington': 44, 'Wisconsin': 1}",0,False
BURNS JUNCTION,BNO,Burns Municipal Airport - Wikipedia,"{'Illinois': 3, 'Oregon': 72}",1,True
LAKE POWELL,BFG,Bullfrog Basin Airport - Wikipedia,{'Utah': 21},0,True
MAJOR,DTW,Detroit Metropolitan Airport - Wikipedia,"{'Alaska': 12, 'Arizona': 3, 'California': 1, 'Colorado': 1, 'Florida': 8, 'Georgia': 1, 'Illinois': 3, 'Indiana': 9, 'Iowa': 3, 'Kansas': 6, 'Kentucky': 6, 'Massachusetts': 1, 'Michigan': 142, 'Nevada': 1, 'New York': 11, 'Ohio': 5, 'Oklahoma': 1, 'Tennessee': 2, 'Texas': 1, 'Washington': 26, 'Wisconsin': 4}",0,False
BROOKHAVENS,WSH,Brookhaven Airport - Wikipedia,"{'New Jersey': 2, 'New York': 41, 'Washington': 1}",0,True
NYAC,ZNC,Nyac Airport - Wikipedia,{'Alaska': 46},1,True
BEAR CREEK NO. 1,BCC,Bear Creek 3 Airport - Wikipedia,{'Alaska': 40},2,True
FT COLLINS/LOVELAND,FNL,Northern Colorado Regional Airport - Wikipedia,"{'Colorado': 133, 'Illinois': 3, 'Nevada': 3, 'Texas': 1}",0,True
CONCRETE MUNICIPAL,RNT,Renton Municipal Airport - Wikipedia,"{'Virginia': 3, 'Washington': 79}",1,True
JUMP WEST,WYS,Yellowstone Airport - Wikipedia,"{'Idaho': 3, 'Montana': 69, 'Utah': 1, 'Wyoming': 3}",0,False
DANIEL FIELD,DNL,Daniel Field - Wikipedia,"{'Alabama': 2, 'Georgia': 157, 'Kentucky': 5, 'Louisiana': 3, 'Michigan': 3, 'North Carolina': 5, 'Pennsylvania': 3, 'South Carolina': 4, 'Texas': 6}",2,True
PARADISE,LAS,McCarran International Airport - Wikipedia,"{'Alaska': 10, 'Arizona': 6, 'Arkansas': 2, 'California': 6, 'Colorado': 4, 'Georgia': 1, 'Hawaii': 8, 'Idaho': 3, 'Illinois': 1, 'Indiana': 12, 'Iowa': 3, 'Kansas': 6, 'Kentucky': 6, 'Minnesota': 1, 'Nebraska': 2, 'Nevada': 152, 'New Mexico': 1, 'New York': 9, 'Oklahoma': 2, 'Texas': 1, 'Utah': 1, 'Washington': 24}",0,False
TRAVIS AFB,SAV,Savannah/Hilton Head International Airport - Wikipedia,"{'Arizona': 1, 'California': 1, 'Florida': 2, 'Georgia': 83, 'Indiana': 3, 'Kentucky': 2, 'New York': 8, 'Puerto Rico': 2, 'South Carolina': 19, 'Texas': 1, 'Washington': 11}",0,False
IDAHO COUNTY,IDH,Idaho County Airport - Wikipedia,{'Idaho': 73},2,True
E.A. LOVE FIELD,,Greater Southwest International Airport - Wikipedia,"{'Arizona': 3, 'New York': 2, 'Texas': 115}",0,False
LONG BEACH,LGB,Long Beach Airport - Wikipedia,"{'Alaska': 4, 'Arizona': 1, 'California': 130, 'Hawaii': 11, 'Nevada': 1, 'New York': 5, 'Texas': 3, 'Utah': 1, 'Washington': 1}",2,True
U OF A AG STRIP,LAX,Los Angeles International Airport - Wikipedia,"{'Alabama': 1, 'Alaska': 35, 'Arizona': 3, 'Arkansas': 4, 'California': 170, 'Colorado': 4, 'Florida': 2, 'Georgia': 1, 'Hawaii': 9, 'Idaho': 3, 'Illinois': 1, 'Indiana': 15, 'Iowa': 3, 'Kansas': 9, 'Kentucky': 8, 'Maryland': 1, 'Nevada': 1, 'New Jersey': 1, 'New York': 10, 'North Carolina': 1, 'Ohio': 3, 'Oklahoma': 3, 'Pennsylvania': 2, 'Texas': 9, 'Utah': 1, 'Washington': 43}",0,False
CABLE,CCB,Cable Airport - Wikipedia,"{'Arizona': 1, 'California': 45, 'Nevada': 1, 'Texas': 3}",1,True
FT. LAUDERDALE INT'L,FLL,Fort Lauderdale–Hollywood International Airport - Wikipedia,"{'Alaska': 11, 'Florida': 241, 'Georgia': 1, 'Indiana': 12, 'Kansas': 3, 'Kentucky': 8, 'Maryland': 1, 'Massachusetts': 1, 'New Jersey': 1, 'New York': 16, 'North Carolina': 1, 'Pennsylvania': 1, 'Puerto Rico': 1, 'Texas': 1, 'Virginia': 3, 'Washington': 30}",0,True
NATOMAS FIELD,SMF,Sacramento International Airport - Wikipedia,"{'Alaska': 19, 'Arizona': 1, 'California': 80, 'Colorado': 1, 'Hawaii': 12, 'Mississippi': 1, 'Nevada': 1, 'New Jersey': 1, 'New York': 2, 'North Carolina': 1, 'Oregon': 1, 'Texas': 1, 'Washington': 9}",0,True
OHIO RIVER,LUK,Cincinnati Municipal Lunken Airport - Wikipedia,"{'Alaska': 3, 'Arizona': 3, 'Florida': 1, 'Georgia': 1, 'Illinois': 1, 'Indiana': 2, 'Kentucky': 28, 'Montana': 2, 'New Jersey': 1, 'New York': 1, 'North Carolina': 1, 'Ohio': 92, 'Virginia': 1, 'Washington': 9}",0,False
GWINNETT COUNTY,LZU,Gwinnett County Airport - Wikipedia,"{'Georgia': 43, 'New York': 1}",2,True
WALKER STRIP,YQG,Windsor International Airport - Wikipedia,"{'Georgia': 1, 'Michigan': 5}",0,False
AG STRIP,LAX,Los Angeles International Airport - Wikipedia,"{'Alabama': 1, 'Alaska': 35, 'Arizona': 3, 'Arkansas': 4, 'California': 170, 'Colorado': 4, 'Florida': 2, 'Georgia': 1, 'Hawaii': 9, 'Idaho': 3, 'Illinois': 1, 'Indiana': 15, 'Iowa': 3, 'Kansas': 9, 'Kentucky': 8, 'Maryland': 1, 'Nevada': 1, 'New Jersey': 1, 'New York': 10, 'North Carolina': 1, 'Ohio': 3, 'Oklahoma': 3, 'Pennsylvania': 2, 'Texas': 9, 'Utah': 1, 'Washington': 43}",0,True
HEALY LAKE,HKB,Healy Lake Airport - Wikipedia,{'Alaska': 38},2,True
CENTER ISLAND,CWS,Center Island Airport - Wikipedia,{'Washington': 64},2,True
OHIO STATE UNIVERSITY,OSU,Ohio State University Airport - Wikipedia,"{'Delaware': 3, 'Michigan': 4, 'Ohio': 268}",3,True
EXCURSION INLET,EXI,Excursion Inlet Seaplane Base - Wikipedia,{'Alaska': 69},2,True
ED'S,JFK,John F. Kennedy International Airport - Wikipedia,"{'Alabama': 1, 'Alaska': 16, 'Arizona': 3, 'California': 2, 'Florida': 7, 'Georgia': 1, 'Hawaii': 16, 'Indiana': 9, 'Kentucky': 8, 'Massachusetts': 11, 'Mississippi': 1, 'Nevada': 1, 'New Jersey': 56, 'New York': 264, 'Ohio': 1, 'Oregon': 2, 'Pennsylvania': 2, 'Puerto Rico': 1, 'Washington': 44, 'Wisconsin': 1}",0,False
DILLINGHAM,DLG,Dillingham Airport - Wikipedia,"{'Alaska': 135, 'Hawaii': 1}",1,True
HOUSTON HELICOPTER,IAH,George Bush Intercontinental Airport - Wikipedia,"{'Alaska': 10, 'Arkansas': 3, 'California': 2, 'Colorado': 4, 'Florida': 9, 'Georgia': 1, 'Illinois': 1, 'Indiana': 6, 'Kansas': 9, 'Kentucky': 8, 'Louisiana': 5, 'Nevada': 1, 'New Jersey': 1, 'New York': 10, 'Oklahoma': 2, 'Texas': 103, 'Washington': 26}",0,True
PRIVATE FIELD,LGA,LaGuardia Airport - Wikipedia,"{'Alaska': 5, 'Arkansas': 4, 'Colorado': 1, 'Florida': 15, 'Georgia': 1, 'Illinois': 1, 'Indiana': 6, 'Kansas': 6, 'Kentucky': 4, 'Massachusetts': 1, 'Michigan': 1, 'New Jersey': 36, 'New York': 164, 'North Carolina': 1, 'Oklahoma': 1, 'Texas': 4, 'Washington': 41}",0,False
SKY MEADOWS,BFL,Meadows Field Airport - Wikipedia,"{'Alabama': 2, 'Arizona': 1, 'California': 85, 'Colorado': 1, 'Florida': 3, 'Texas': 2, 'Washington': 1}",1,False
FARM FIELD,BNA,Nashville International Airport - Wikipedia,"{'Alabama': 2, 'Alaska': 7, 'Arkansas': 2, 'California': 1, 'Colorado': 1, 'Florida': 7, 'Georgia': 1, 'Illinois': 3, 'Indiana': 6, 'Iowa': 3, 'Kansas': 3, 'Kentucky': 2, 'Massachusetts': 1, 'Michigan': 1, 'New York': 10, 'North Carolina': 1, 'Oklahoma': 1, 'Tennessee': 150, 'Texas': 2, 'Washington': 12}",0,False
ALEXANDER FIELD,ISW,South Wood County Airport - Wikipedia,{'Wisconsin': 93},0,True
FORT HILL,FLL,Fort Lauderdale–Hollywood International Airport - Wikipedia,"{'Alaska': 11, 'Florida': 241, 'Georgia': 1, 'Indiana': 12, 'Kansas': 3, 'Kentucky': 8, 'Maryland': 1, 'Massachusetts': 1, 'New Jersey': 1, 'New York': 16, 'North Carolina': 1, 'Pennsylvania': 1, 'Puerto Rico': 1, 'Texas': 1, 'Virginia': 3, 'Washington': 30}",1,False
GALLUP,GUP,Gallup Municipal Airport - Wikipedia,{'New Mexico': 20},1,True
CHEYENNE,CYS,Cheyenne Regional Airport - Wikipedia,"{'Colorado': 1, 'Nevada': 5, 'New York': 1, 'Oklahoma': 1, 'Wyoming': 62}",1,True
INDIANAPOLIS INT'L,IND,Indianapolis International Airport - Wikipedia,"{'Alaska': 4, 'Arizona': 1, 'California': 2, 'Colorado': 2, 'Delaware': 3, 'Florida': 16, 'Georgia': 2, 'Illinois': 1, 'Indiana': 371, 'Iowa': 2, 'Kansas': 6, 'Massachusetts': 1, 'Michigan': 4, 'Minnesota': 1, 'Nevada': 1, 'New Jersey': 1, 'New York': 7, 'North Carolina': 1, 'Ohio': 2, 'Tennessee': 1, 'Texas': 2, 'Washington': 14}",1,True
CLEARWATER EXECUTIVE,PIE,St. Pete–Clearwater International Airport - Wikipedia,"{'Florida': 122, 'Illinois': 3, 'Indiana': 14, 'Iowa': 4, 'Kansas': 4, 'Kentucky': 4, 'Michigan': 7, 'Missouri': 1, 'New York': 6, 'North Carolina': 3, 'Ohio': 2, 'Oklahoma': 1, 'Pennsylvania': 2, 'South Carolina': 2, 'Tennessee': 2, 'Virginia': 1, 'Washington': 2}",0,True
FT. LAUDERDALE EXEC,FXE,Fort Lauderdale Executive Airport - Wikipedia,"{'Florida': 187, 'Virginia': 3}",1,True
RENO CANNON,RNO,Reno–Tahoe International Airport - Wikipedia,"{'Alaska': 5, 'Arizona': 1, 'California': 10, 'Colorado': 1, 'Michigan': 1, 'Minnesota': 3, 'Nevada': 59, 'New York': 4, 'Oregon': 3, 'Texas': 1, 'Utah': 1, 'Washington': 8}",0,True
SOUTHERLAND,AUS,Austin–Bergstrom International Airport - Wikipedia,"{'Alaska': 9, 'Arizona': 1, 'California': 5, 'Colorado': 4, 'Florida': 2, 'Georgia': 1, 'Illinois': 1, 'Indiana': 6, 'Kansas': 3, 'Kentucky': 4, 'Nevada': 1, 'New York': 3, 'Texas': 253, 'Washington': 19}",0,False
BARBOUR INSLAND,LAX,Los Angeles International Airport - Wikipedia,"{'Alabama': 1, 'Alaska': 35, 'Arizona': 3, 'Arkansas': 4, 'California': 170, 'Colorado': 4, 'Florida': 2, 'Georgia': 1, 'Hawaii': 9, 'Idaho': 3, 'Illinois': 1, 'Indiana': 15, 'Iowa': 3, 'Kansas': 9, 'Kentucky': 8, 'Maryland': 1, 'Nevada': 1, 'New Jersey': 1, 'New York': 10, 'North Carolina': 1, 'Ohio': 3, 'Oklahoma': 3, 'Pennsylvania': 2, 'Texas': 9, 'Utah': 1, 'Washington': 43}",0,False
OCEAN SHORES,SBY,Salisbury–Ocean City–Wicomico Regional Airport - Wikipedia,"{'Delaware': 3, 'Maryland': 54, 'North Carolina': 2, 'Pennsylvania': 1, 'Virginia': 3, 'Washington': 14}",0,False
FIELD,SAN,San Diego International Airport - Wikipedia,"{'Alabama': 3, 'Alaska': 43, 'Arizona': 5, 'California': 101, 'Colorado': 1, 'Georgia': 4, 'Hawaii': 11, 'Idaho': 3, 'Illinois': 1, 'Indiana': 6, 'Kansas': 5, 'Kentucky': 2, 'Minnesota': 3, 'Nevada': 1, 'New York': 5, 'Texas': 1, 'Washington': 18}",0,False
JACKSONVILLE INT'L,JFK,John F. Kennedy International Airport - Wikipedia,"{'Alabama': 1, 'Alaska': 16, 'Arizona': 3, 'California': 2, 'Florida': 7, 'Georgia': 1, 'Hawaii': 16, 'Indiana': 9, 'Kentucky': 8, 'Massachusetts': 11, 'Mississippi': 1, 'Nevada': 1, 'New Jersey': 56, 'New York': 264, 'Ohio': 1, 'Oregon': 2, 'Pennsylvania': 2, 'Puerto Rico': 1, 'Washington': 44, 'Wisconsin': 1}",0,False
YORK AIRPORT,JFK,John F. Kennedy International Airport - Wikipedia,"{'Alabama': 1, 'Alaska': 16, 'Arizona': 3, 'California': 2, 'Florida': 7, 'Georgia': 1, 'Hawaii': 16, 'Indiana': 9, 'Kentucky': 8, 'Massachusetts': 11, 'Mississippi': 1, 'Nevada': 1, 'New Jersey': 56, 'New York': 264, 'Ohio': 1, 'Oregon': 2, 'Pennsylvania': 2, 'Puerto Rico': 1, 'Washington': 44, 'Wisconsin': 1}",0,False
CHEYENNE MUNICIPAL,CYS,Cheyenne Regional Airport - Wikipedia,"{'Colorado': 1, 'Nevada': 5, 'New York': 1, 'Oklahoma': 1, 'Wyoming': 62}",1,True
WINTER HAVEN'S GILBERT,GIF,Winter Haven's Gilbert Airport - Wikipedia,{'Florida': 105},3,True
MIAMI INT'L,MIA,Miami International Airport - Wikipedia,"{'Arkansas': 2, 'California': 1, 'Florida': 230, 'Georgia': 1, 'Illinois': 1, 'Indiana': 9, 'Iowa': 3, 'Kansas': 6, 'Kentucky': 14, 'New Jersey': 3, 'New York': 22, 'North Carolina': 3, 'Oklahoma': 1, 'Oregon': 3, 'Pennsylvania': 1, 'Tennessee': 3, 'Texas': 4, 'Virginia': 6, 'Washington': 30}",1,True
PACE FIELD,LUK,Cincinnati Municipal Lunken Airport - Wikipedia,"{'Alaska': 3, 'Arizona': 3, 'Florida': 1, 'Georgia': 1, 'Illinois': 1, 'Indiana': 2, 'Kentucky': 28, 'Montana': 2, 'New Jersey': 1, 'New York': 1, 'North Carolina': 1, 'Ohio': 92, 'Virginia': 1, 'Washington': 9}",0,False
REDBIRD,RBD,Dallas Executive Airport - Wikipedia,{'Texas': 52},0,True
KIPNUK,KPN,Kipnuk Airport - Wikipedia,{'Alaska': 45},1,True
MACON MUNICIPAL,MCN,Middle Georgia Regional Airport - Wikipedia,"{'Florida': 3, 'Georgia': 164, 'Hawaii': 1, 'Mississippi': 2, 'Washington': 11}",0,False
SKWENTNA,SKW,Skwentna Airport - Wikipedia,{'Alaska': 31},1,True
WESTERLY STATE,WST,Westerly State Airport - Wikipedia,"{'New York': 1, 'Rhode Island': 28, 'Washington': 7}",2,True
BUSH,IAH,George Bush Intercontinental Airport - Wikipedia,"{'Alaska': 10, 'Arkansas': 3, 'California': 2, 'Colorado': 4, 'Florida': 9, 'Georgia': 1, 'Illinois': 1, 'Indiana': 6, 'Kansas': 9, 'Kentucky': 8, 'Louisiana': 5, 'Nevada': 1, 'New Jersey': 1, 'New York': 10, 'Oklahoma': 2, 'Texas': 103, 'Washington': 26}",1,False
